1;1;1938;417;"K"
15;2;1942;4;"M"
12;3;1942;1;"M"
22;4;1953;4;"M"
10;5;1939;2;"M"
2;6;1938;240;"K"
20;7;1943;7;"M"
15;8;1941;4;"M"
13;9;1941;300;"K"
3;10;1939;3;"M"
22;11;1956;366;"K"
10;12;1940;5;"M"
11;13;1944;205;"K"
19;14;1945;2;"M"
4;15;1941;113;"K"
3;16;1936;373;"K"
26;17;1944;4;"M"
26;18;1944;219;"K"
18;19;1943;6;"M"
15;20;1942;3;"M"
13;21;1941;183;"K"
26;22;1945;7;"M"
15;23;1942;17;"K"
25;24;1945;420;"K"
10;25;1940;259;"K"
11;26;1943;100;"K"
2;27;1941;334;"K"
25;28;1945;105;"K"
20;29;1945;337;"K"
6;30;1941;7;"M"
21;31;1943;258;"K"
20;32;1942;6;"M"
7;33;1940;6;"M"
21;34;1943;430;"K"
2;35;1938;284;"K"
3;36;1939;252;"K"
25;37;1945;476;"K"
23;38;1944;456;"K"
2;39;1937;71;"K"
13;40;1942;8;"M"
9;41;1942;8;"M"
15;42;1942;464;"K"
15;43;1942;135;"K"
23;44;1944;209;"K"
22;45;1957;8;"M"
18;46;1943;2;"M"
6;47;1939;234;"K"
19;48;1944;2;"M"
4;49;1935;6;"M"
3;50;1934;1;"M"
6;51;1940;1;"M"
7;52;1942;2;"M"
12;53;1941;427;"K"
7;54;1941;273;"K"
5;55;1939;43;"K"
4;56;1941;1;"M"
22;57;1951;8;"M"
6;58;1941;6;"M"
19;59;1942;1;"M"
26;60;1945;327;"K"
1;61;1937;37;"K"
9;62;1944;3;"M"
22;63;1955;121;"K"
16;64;1942;196;"K"
6;65;1942;3;"M"
4;66;1935;3;"M"
13;67;1941;1;"M"
10;68;1939;4;"M"
5;69;1937;164;"K"
26;70;1945;7;"M"
19;71;1945;400;"K"
19;72;1945;5;"M"
19;73;1944;112;"K"
22;74;1951;336;"K"
24;75;1950;6;"M"
23;76;1944;4;"M"
13;77;1942;7;"M"
20;78;1943;5;"M"
14;79;1944;1;"M"
19;80;1944;91;"K"
15;81;1941;217;"K"
21;82;1943;27;"K"
24;83;1955;6;"M"
26;84;1945;3;"M"
7;85;1943;286;"K"
18;86;1942;7;"M"
25;87;1944;281;"K"
14;88;1941;3;"M"
1;89;1940;8;"M"
21;90;1943;223;"K"
20;91;1944;114;"K"
18;92;1942;1;"M"
15;93;1942;8;"M"
5;94;1937;3;"M"
8;95;1942;406;"K"
20;96;1944;268;"K"
20;97;1945;8;"M"
10;98;1940;6;"M"
17;99;1958;1;"M"
24;100;1950;3;"M"
3;101;1935;3;"M"
14;102;1941;5;"M"
19;103;1943;247;"K"
4;104;1938;306;"K"
20;105;1943;406;"K"
18;106;1942;490;"K"
12;107;1943;24;"K"
18;108;1942;7;"M"
17;109;1950;8;"M"
6;110;1940;272;"K"
20;111;1944;8;"M"
18;112;1943;137;"K"
2;113;1937;311;"K"
16;114;1943;101;"K"
19;115;1942;326;"K"
7;116;1943;342;"K"
20;117;1945;7;"M"
26;118;1945;83;"K"
23;119;1944;3;"M"
9;120;1943;8;"M"
4;121;1939;390;"K"
11;122;1943;1;"M"
17;123;1942;4;"M"
26;124;1945;8;"M"
4;125;1939;282;"K"
22;126;1944;418;"K"
20;127;1945;7;"M"
21;128;1943;52;"K"
13;129;1942;1;"M"
21;130;1943;5;"M"
10;131;1939;6;"M"
8;132;1937;5;"M"
25;133;1945;2;"M"
21;134;1943;19;"K"
7;135;1942;255;"K"
20;136;1942;383;"K"
19;137;1944;329;"K"
1;138;1934;1;"M"
17;139;1947;121;"K"
7;140;1943;370;"K"
2;141;1938;4;"M"
19;142;1944;463;"K"
17;143;1957;8;"M"
26;144;1945;4;"M"
3;145;1936;381;"K"
1;146;1934;105;"K"
5;147;1938;64;"K"
2;148;1942;448;"K"
14;149;1943;266;"K"
22;150;1949;4;"M"
11;151;1941;3;"M"
8;152;1941;6;"M"
4;153;1936;436;"K"
9;154;1943;198;"K"
14;155;1941;1;"M"
20;156;1943;6;"M"
1;157;1938;5;"M"
2;158;1938;5;"M"
21;159;1943;282;"K"
23;160;1944;225;"K"
18;161;1944;6;"M"
11;162;1940;63;"K"
5;163;1939;5;"M"
8;164;1940;8;"M"
4;165;1942;8;"M"
11;166;1941;146;"K"
14;167;1941;399;"K"
24;168;1948;274;"K"
18;169;1942;83;"K"
22;170;1947;8;"M"
22;171;1949;3;"M"
8;172;1937;231;"K"
11;173;1938;77;"K"
17;174;1940;246;"K"
12;175;1943;8;"M"
6;176;1941;8;"M"
4;177;1935;80;"K"
15;178;1942;7;"M"
18;179;1944;7;"M"
21;180;1943;89;"K"
13;181;1943;417;"K"
1;182;1934;4;"M"
3;183;1934;244;"K"
18;184;1943;4;"M"
9;185;1940;6;"M"
7;186;1941;4;"M"
9;187;1944;55;"K"
6;188;1942;98;"K"
15;189;1941;359;"K"
11;190;1942;8;"M"
3;191;1937;204;"K"
21;192;1943;184;"K"
22;193;1945;8;"M"
7;194;1940;7;"M"
23;195;1943;2;"M"
7;196;1944;362;"K"
26;197;1944;494;"K"
16;198;1943;238;"K"
14;199;1943;198;"K"
6;200;1940;456;"K"
22;201;1951;7;"M"
15;202;1942;2;"M"
10;203;1942;7;"M"
7;204;1944;8;"M"
14;205;1942;7;"M"
23;206;1945;4;"M"
7;207;1941;363;"K"
25;208;1944;353;"K"
15;209;1942;8;"M"
9;210;1942;235;"K"
17;211;1952;3;"M"
20;212;1945;248;"K"
16;213;1942;30;"K"
15;214;1941;7;"M"
26;215;1945;355;"K"
4;216;1935;423;"K"
20;217;1945;467;"K"
24;218;1952;1;"M"
18;219;1942;3;"M"
15;220;1942;33;"K"
3;221;1935;5;"M"
18;222;1943;8;"M"
10;223;1941;7;"M"
18;224;1942;3;"M"
12;225;1940;1;"M"
23;226;1944;2;"M"
18;227;1943;6;"M"
8;228;1943;8;"M"
7;229;1942;4;"M"
24;230;1957;7;"M"
3;231;1938;1;"M"
19;232;1942;1;"M"
9;233;1944;305;"K"
20;234;1943;4;"M"
25;235;1945;6;"M"
25;236;1944;320;"K"
4;237;1937;3;"M"
18;238;1943;7;"M"
7;239;1942;298;"K"
18;240;1942;319;"K"
1;241;1932;1;"M"
23;242;1942;6;"M"
1;243;1933;6;"M"
15;244;1942;2;"M"
14;245;1943;236;"K"
19;246;1942;5;"M"
12;247;1940;256;"K"
5;248;1938;441;"K"
9;249;1940;394;"K"
14;250;1941;345;"K"
8;251;1938;2;"M"
26;252;1944;3;"M"
16;253;1942;239;"K"
17;254;1946;3;"M"
18;255;1944;1;"M"
26;256;1945;414;"K"
10;257;1940;237;"K"
6;258;1941;1;"M"
5;259;1939;441;"K"
23;260;1945;143;"K"
17;261;1954;97;"K"
6;262;1939;78;"K"
24;263;1945;229;"K"
4;264;1941;274;"K"
8;265;1941;137;"K"
18;266;1944;463;"K"
7;267;1942;26;"K"
4;268;1937;137;"K"
23;269;1945;3;"M"
23;270;1942;440;"K"
14;271;1942;132;"K"
9;272;1940;61;"K"
24;273;1958;6;"M"
4;274;1938;323;"K"
25;275;1945;192;"K"
13;276;1944;4;"M"
24;277;1958;164;"K"
8;278;1937;446;"K"
4;279;1943;128;"K"
25;280;1945;107;"K"
23;281;1945;106;"K"
1;282;1937;4;"M"
13;283;1943;8;"M"
12;284;1941;4;"M"
26;285;1944;4;"M"
4;286;1935;124;"K"
14;287;1941;314;"K"
17;288;1958;3;"M"
2;289;1940;6;"M"
5;290;1938;449;"K"
9;291;1942;4;"M"
2;292;1942;1;"M"
5;293;1937;8;"M"
9;294;1945;6;"M"
19;295;1943;306;"K"
25;296;1945;7;"M"
14;297;1944;6;"M"
3;298;1938;93;"K"
20;299;1945;290;"K"
11;300;1945;5;"M"
12;301;1943;1;"M"
8;302;1937;429;"K"
12;303;1940;357;"K"
21;304;1943;272;"K"
11;305;1945;49;"K"
7;306;1940;151;"K"
21;307;1943;72;"K"
25;308;1944;76;"K"
6;309;1939;204;"K"
23;310;1943;3;"M"
23;311;1943;320;"K"
16;312;1942;6;"M"
3;313;1934;384;"K"
25;314;1945;273;"K"
5;315;1937;59;"K"
8;316;1938;397;"K"
26;317;1945;381;"K"
5;318;1939;402;"K"
4;319;1940;8;"M"
23;320;1943;8;"M"
1;321;1935;36;"K"
23;322;1942;365;"K"
13;323;1943;267;"K"
4;324;1940;3;"M"
5;325;1940;2;"M"
14;326;1941;1;"M"
22;327;1949;6;"M"
5;328;1938;187;"K"
5;329;1940;291;"K"
1;330;1938;4;"M"
8;331;1938;6;"M"
10;332;1942;142;"K"
13;333;1945;3;"M"
14;334;1941;2;"M"
1;335;1939;1;"K"
25;336;1944;8;"M"
23;337;1944;341;"K"
12;338;1940;1;"M"
4;339;1942;5;"M"
24;340;1950;2;"M"
3;341;1936;3;"M"
14;342;1944;2;"M"
22;343;1954;8;"M"
9;344;1942;462;"K"
14;345;1942;69;"K"
16;346;1942;147;"K"
22;347;1952;50;"K"
19;348;1942;236;"K"
20;349;1943;6;"M"
10;350;1939;6;"K"
6;351;1942;77;"K"
5;352;1939;100;"K"
24;353;1959;156;"K"
14;354;1942;7;"M"
23;355;1945;315;"K"
11;356;1941;49;"K"
6;357;1939;450;"K"
20;358;1943;8;"M"
23;359;1945;3;"M"
25;360;1945;332;"K"
10;361;1943;483;"K"
8;362;1943;369;"K"
23;363;1944;412;"K"
23;364;1945;219;"K"
9;365;1942;151;"K"
18;366;1942;4;"K"
4;367;1941;237;"K"
8;368;1941;6;"M"
12;369;1942;124;"K"
4;370;1937;374;"K"
4;371;1939;3;"M"
21;372;1943;34;"K"
17;373;1945;8;"M"
21;374;1943;4;"M"
15;375;1942;34;"K"
13;376;1945;6;"M"
24;377;1955;6;"M"
13;378;1943;2;"M"
9;379;1940;486;"K"
20;380;1944;3;"M"
8;381;1943;7;"M"
24;382;1951;475;"K"
4;383;1935;253;"K"
12;384;1940;11;"K"
21;385;1943;7;"M"
1;386;1937;5;"M"
5;387;1940;273;"K"
4;388;1943;6;"M"
9;389;1942;4;"M"
15;390;1942;2;"M"
11;391;1938;5;"M"
4;392;1938;4;"M"
12;393;1943;5;"M"
14;394;1944;3;"M"
21;395;1943;165;"K"
12;396;1941;135;"K"
25;397;1945;103;"K"
19;398;1943;149;"K"
16;399;1943;395;"K"
17;400;1957;2;"M"
11;401;1943;249;"K"
7;402;1942;121;"K"
11;403;1943;83;"K"
25;404;1944;15;"K"
22;405;1949;465;"K"
19;406;1942;87;"K"
2;407;1940;226;"K"
7;408;1944;146;"K"
18;409;1942;113;"K"
13;410;1941;6;"M"
26;411;1944;77;"K"
19;412;1943;6;"M"
16;413;1943;7;"M"
12;414;1940;424;"K"
16;415;1942;8;"M"
25;416;1944;304;"K"
11;417;1941;7;"M"
10;418;1940;3;"M"
7;419;1940;319;"K"
1;420;1934;49;"K"
18;421;1944;5;"M"
26;422;1945;124;"K"
7;423;1942;4;"M"
3;424;1934;6;"M"
22;425;1954;6;"M"
21;426;1943;383;"K"
3;427;1938;7;"M"
25;428;1944;217;"K"
19;429;1943;280;"K"
11;430;1945;2;"M"
16;431;1942;121;"K"
15;432;1941;7;"M"
18;433;1944;4;"M"
13;434;1942;3;"M"
12;435;1943;97;"K"
24;436;1946;6;"M"
6;437;1942;331;"K"
25;438;1944;7;"M"
2;439;1939;86;"K"
20;440;1945;114;"K"
20;441;1945;7;"M"
4;442;1938;120;"K"
23;443;1944;369;"K"
15;444;1941;151;"K"
16;445;1943;8;"M"
13;446;1945;108;"K"
5;447;1940;3;"M"
23;448;1943;7;"M"
5;449;1938;6;"M"
24;450;1949;312;"K"
10;451;1941;260;"K"
16;452;1943;5;"M"
8;453;1940;7;"M"
9;454;1945;6;"M"
20;455;1943;425;"K"
4;456;1941;211;"K"
4;457;1935;336;"K"
25;458;1945;63;"K"
5;459;1938;5;"M"
24;460;1944;332;"K"
6;461;1941;8;"M"
26;462;1945;3;"M"
16;463;1942;54;"K"
13;464;1942;204;"K"
13;465;1942;3;"M"
19;466;1942;2;"M"
13;467;1943;487;"K"
3;468;1935;419;"K"
21;469;1943;173;"K"
24;470;1952;59;"K"
14;471;1943;2;"M"
15;472;1941;253;"K"
26;473;1945;4;"M"
12;474;1940;24;"K"
21;475;1943;2;"M"
21;476;1943;8;"M"
16;477;1942;1;"M"
7;478;1943;299;"K"
25;479;1945;2;"M"
14;480;1941;23;"K"
14;481;1944;429;"K"
22;482;1944;387;"K"
8;483;1941;4;"M"
17;484;1946;7;"M"
15;485;1942;7;"M"
10;486;1939;272;"K"
16;487;1942;8;"M"
12;488;1941;3;"M"
2;489;1939;15;"K"
18;490;1944;7;"M"
7;491;1941;467;"K"
13;492;1943;8;"M"
3;493;1939;151;"K"
2;494;1938;3;"M"
3;495;1937;7;"M"
19;496;1943;194;"K"
15;497;1942;2;"M"
24;498;1952;155;"K"
24;499;1954;2;"M"
26;500;1944;415;"K"
21;501;1943;275;"K"
24;502;1954;2;"M"
10;503;1939;110;"K"
18;504;1943;3;"M"
21;505;1943;2;"M"
23;506;1943;82;"K"
25;507;1944;37;"K"
24;508;1943;10;"K"
9;509;1941;214;"K"
2;510;1937;4;"M"
13;511;1945;394;"K"
16;512;1942;356;"K"
23;513;1942;8;"M"
23;514;1942;2;"M"
18;515;1942;218;"K"
23;516;1943;265;"K"
21;517;1943;335;"K"
22;518;1948;8;"M"
15;519;1942;6;"M"
13;520;1945;8;"M"
3;521;1938;14;"K"
6;522;1942;2;"M"
16;523;1943;4;"M"
24;524;1945;493;"K"
8;525;1942;6;"M"
18;526;1943;426;"K"
16;527;1943;2;"M"
22;528;1953;493;"K"
10;529;1942;436;"K"
24;530;1952;330;"K"
3;531;1934;2;"M"
19;532;1942;229;"K"
14;533;1943;4;"M"
19;534;1945;199;"K"
10;535;1943;3;"M"
3;536;1937;7;"M"
5;537;1937;6;"M"
26;538;1944;122;"K"
13;539;1943;87;"K"
24;540;1955;147;"K"
6;541;1942;6;"M"
11;542;1940;487;"K"
11;543;1938;263;"K"
8;544;1942;1;"M"
13;545;1942;109;"K"
23;546;1942;7;"M"
8;547;1938;157;"K"
12;548;1943;6;"M"
26;549;1945;3;"M"
13;550;1942;6;"M"
19;551;1943;5;"M"
22;552;1954;407;"K"
4;553;1943;132;"K"
3;554;1939;4;"M"
10;555;1941;130;"K"
16;556;1943;3;"M"
6;557;1941;3;"M"
23;558;1944;5;"M"
19;559;1945;4;"M"
22;560;1949;298;"K"
5;561;1937;5;"M"
25;562;1945;373;"K"
25;563;1944;445;"K"
14;564;1941;394;"K"
24;565;1954;1;"M"
2;566;1940;341;"K"
24;567;1951;7;"M"
2;568;1935;8;"M"
13;569;1945;475;"K"
8;570;1939;279;"K"
6;571;1939;5;"M"
18;572;1943;1;"M"
8;573;1938;149;"K"
25;574;1944;8;"M"
18;575;1942;309;"K"
10;576;1942;421;"K"
2;577;1938;6;"M"
16;578;1943;242;"K"
10;579;1939;58;"K"
25;580;1945;119;"K"
22;581;1955;458;"K"
11;582;1945;7;"M"
8;583;1943;497;"K"
4;584;1937;252;"K"
3;585;1934;5;"M"
5;586;1938;4;"M"
7;587;1941;216;"K"
2;588;1941;3;"M"
6;589;1942;244;"K"
3;590;1937;2;"M"
20;591;1942;294;"K"
1;592;1941;13;"K"
17;593;1955;2;"M"
11;594;1944;6;"M"
16;595;1943;3;"M"
23;596;1943;272;"K"
13;597;1944;334;"K"
26;598;1944;8;"M"
13;599;1943;2;"M"
23;600;1943;8;"M"
16;601;1943;431;"K"
22;602;1945;437;"K"
23;603;1943;2;"M"
20;604;1942;6;"M"
4;605;1941;232;"K"
5;606;1938;3;"M"
6;607;1940;430;"K"
2;608;1936;2;"M"
15;609;1942;2;"M"
25;610;1945;423;"K"
9;611;1940;54;"K"
6;612;1942;6;"M"
14;613;1944;491;"K"
24;614;1951;438;"K"
11;615;1941;2;"M"
25;616;1944;277;"K"
5;617;1939;235;"K"
14;618;1941;327;"K"
17;619;1957;223;"K"
4;620;1941;248;"K"
22;621;1954;132;"K"
21;622;1943;53;"K"
16;623;1942;265;"K"
13;624;1944;8;"M"
12;625;1943;4;"M"
3;626;1934;269;"K"
5;627;1937;397;"K"
16;628;1943;8;"M"
20;629;1945;396;"K"
10;630;1943;87;"K"
11;631;1939;6;"M"
4;632;1939;5;"M"
11;633;1939;2;"M"
7;634;1944;8;"M"
12;635;1941;2;"M"
19;636;1944;357;"K"
14;637;1941;6;"M"
5;638;1939;439;"K"
12;639;1941;25;"K"
2;640;1940;317;"K"
25;641;1944;252;"K"
2;642;1939;3;"M"
16;643;1942;7;"M"
21;644;1943;1;"M"
15;645;1941;1;"M"
6;646;1941;8;"M"
18;647;1943;290;"K"
3;648;1934;2;"M"
18;649;1944;480;"K"
12;650;1940;255;"K"
8;651;1940;97;"K"
9;652;1945;5;"M"
24;653;1957;57;"K"
19;654;1943;3;"M"
17;655;1950;7;"M"
20;656;1942;238;"K"
15;657;1941;222;"K"
8;658;1938;46;"K"
8;659;1937;71;"K"
3;660;1934;5;"M"
12;661;1943;167;"K"
4;662;1938;29;"K"
13;663;1944;483;"K"
2;664;1937;439;"K"
14;665;1944;390;"K"
13;666;1945;150;"K"
16;667;1943;4;"M"
17;668;1940;316;"K"
24;669;1959;337;"K"
9;670;1943;394;"K"
4;671;1943;1;"M"
25;672;1944;48;"K"
4;673;1938;3;"M"
4;674;1935;230;"K"
20;675;1943;357;"K"
11;676;1945;265;"K"
15;677;1941;7;"M"
24;678;1953;67;"K"
20;679;1944;4;"M"
10;680;1942;6;"M"
25;681;1945;7;"M"
18;682;1943;347;"K"
10;683;1939;4;"M"
22;684;1946;8;"M"
10;685;1939;191;"K"
13;686;1943;8;"M"
7;687;1941;310;"K"
2;688;1941;6;"M"
12;689;1941;3;"M"
22;690;1955;423;"K"
17;691;1951;5;"M"
8;692;1939;401;"K"
2;693;1943;350;"K"
6;694;1939;1;"M"
9;695;1943;6;"M"
3;696;1936;241;"K"
17;697;1940;37;"K"
21;698;1943;73;"K"
12;699;1940;7;"M"
24;700;1948;7;"M"
22;701;1948;3;"M"
20;702;1943;1;"M"
19;703;1943;2;"M"
18;704;1943;5;"M"
18;705;1944;203;"K"
21;706;1943;489;"K"
18;707;1943;5;"M"
20;708;1944;246;"K"
21;709;1943;7;"M"
25;710;1945;5;"M"
14;711;1941;337;"K"
26;712;1945;3;"M"
15;713;1942;46;"K"
15;714;1941;130;"K"
17;715;1951;449;"K"
17;716;1946;421;"K"
2;717;1941;3;"K"
5;718;1937;50;"K"
8;719;1943;2;"M"
24;720;1943;117;"K"
2;721;1938;20;"K"
21;722;1943;489;"K"
8;723;1938;5;"M"
10;724;1940;191;"K"
19;725;1943;226;"K"
17;726;1944;2;"M"
5;727;1940;5;"M"
16;728;1943;184;"K"
24;729;1959;217;"K"
17;730;1953;19;"K"
10;731;1942;8;"K"
15;732;1942;246;"K"
14;733;1943;270;"K"
3;734;1936;3;"M"
9;735;1940;3;"M"
8;736;1940;103;"K"
14;737;1943;137;"K"
16;738;1943;6;"M"
3;739;1938;8;"M"
13;740;1943;4;"M"
11;741;1939;6;"M"
19;742;1945;3;"M"
12;743;1942;401;"K"
4;744;1939;1;"M"
19;745;1942;65;"K"
18;746;1944;3;"M"
12;747;1940;4;"M"
15;748;1942;379;"K"
9;749;1944;1;"M"
15;750;1941;184;"K"
1;751;1933;7;"M"
10;752;1940;2;"K"
7;753;1940;478;"K"
11;754;1941;293;"K"
10;755;1941;2;"M"
9;756;1945;5;"M"
24;757;1955;4;"M"
12;758;1940;2;"M"
14;759;1942;346;"K"
10;760;1941;98;"K"
25;761;1944;6;"M"
22;762;1944;346;"K"
17;763;1941;25;"K"
20;764;1942;116;"K"
1;765;1937;295;"K"
15;766;1942;256;"K"
12;767;1943;8;"M"
7;768;1940;59;"K"
15;769;1942;322;"K"
4;770;1943;7;"M"
23;771;1944;7;"M"
11;772;1945;16;"K"
15;773;1942;4;"M"
18;774;1943;370;"K"
2;775;1935;383;"K"
12;776;1942;5;"M"
3;777;1935;438;"K"
13;778;1945;4;"M"
4;779;1939;287;"K"
19;780;1943;173;"K"
11;781;1944;1;"M"
18;782;1943;4;"M"
6;783;1942;7;"M"
25;784;1945;4;"M"
12;785;1942;142;"K"
15;786;1941;89;"K"
12;787;1940;297;"K"
10;788;1942;300;"K"
7;789;1944;4;"M"
22;790;1957;7;"M"
16;791;1943;278;"K"
1;792;1932;55;"K"
20;793;1945;133;"K"
24;794;1953;8;"M"
6;795;1939;317;"K"
15;796;1942;1;"M"
1;797;1936;7;"M"
15;798;1941;170;"K"
6;799;1942;142;"K"
25;800;1945;195;"K"
1;801;1941;297;"K"
13;802;1941;7;"M"
8;803;1940;3;"M"
26;804;1945;2;"M"
2;805;1938;442;"K"
2;806;1939;2;"M"
12;807;1943;114;"K"
19;808;1942;6;"M"
20;809;1945;4;"M"
26;810;1944;419;"K"
3;811;1938;270;"K"
19;812;1944;2;"M"
12;813;1943;391;"K"
19;814;1943;2;"M"
18;815;1943;1;"M"
3;816;1938;224;"K"
24;817;1947;4;"M"
20;818;1942;266;"K"
11;819;1940;8;"M"
4;820;1940;5;"M"
3;821;1937;289;"K"
16;822;1942;253;"K"
13;823;1941;7;"M"
21;824;1943;335;"K"
17;825;1941;8;"M"
23;826;1944;116;"K"
25;827;1945;6;"M"
17;828;1940;223;"K"
2;829;1936;91;"K"
21;830;1943;9;"K"
14;831;1941;8;"M"
26;832;1945;6;"M"
8;833;1941;5;"M"
1;834;1938;3;"M"
16;835;1942;4;"M"
22;836;1950;164;"K"
25;837;1945;180;"K"
12;838;1940;6;"M"
26;839;1945;4;"M"
1;840;1938;4;"M"
20;841;1942;3;"M"
16;842;1943;1;"M"
12;843;1942;282;"K"
4;844;1937;1;"M"
12;845;1943;221;"K"
12;846;1942;218;"K"
18;847;1943;434;"K"
19;848;1945;410;"K"
15;849;1941;385;"K"
22;850;1953;4;"M"
8;851;1941;8;"M"
13;852;1943;410;"K"
14;853;1942;31;"K"
14;854;1944;91;"K"
22;855;1954;74;"K"
26;856;1944;54;"K"
17;857;1956;5;"M"
16;858;1943;384;"K"
4;859;1942;6;"M"
9;860;1942;8;"M"
9;861;1945;3;"M"
20;862;1943;466;"K"
20;863;1942;8;"M"
3;864;1936;6;"M"
18;865;1943;1;"M"
15;866;1942;7;"M"
3;867;1937;288;"K"
24;868;1955;366;"K"
19;869;1945;5;"M"
1;870;1933;481;"K"
9;871;1944;3;"M"
18;872;1944;5;"K"
14;873;1942;57;"K"
24;874;1953;335;"K"
5;875;1938;16;"K"
2;876;1935;4;"M"
9;877;1941;427;"K"
15;878;1942;5;"M"
21;879;1943;166;"K"
7;880;1942;1;"M"
24;881;1943;3;"M"
1;882;1940;7;"M"
25;883;1944;7;"M"
15;884;1942;5;"M"
5;885;1939;240;"K"
23;886;1944;441;"K"
26;887;1945;165;"K"
10;888;1941;6;"M"
8;889;1939;4;"M"
8;890;1938;3;"M"
24;891;1946;4;"M"
8;892;1937;322;"K"
22;893;1951;184;"K"
3;894;1934;74;"K"
5;895;1940;65;"K"
17;896;1954;412;"K"
17;897;1955;357;"K"
24;898;1960;463;"K"
24;899;1959;306;"K"
7;900;1941;5;"M"
3;901;1935;133;"K"
17;902;1958;161;"K"
9;903;1940;7;"M"
1;904;1935;6;"M"
11;905;1943;425;"K"
20;906;1943;5;"M"
12;907;1943;4;"M"
22;908;1951;367;"K"
21;909;1943;251;"K"
10;910;1940;373;"K"
23;911;1944;296;"K"
18;912;1942;1;"M"
9;913;1944;7;"M"
7;914;1941;3;"M"
2;915;1942;5;"M"
2;916;1939;5;"M"
9;917;1943;3;"M"
25;918;1945;5;"M"
23;919;1943;356;"K"
18;920;1942;478;"K"
18;921;1942;2;"M"
7;922;1941;398;"K"
6;923;1939;204;"K"
12;924;1940;75;"K"
6;925;1941;4;"M"
6;926;1940;165;"K"
22;927;1945;1;"M"
3;928;1938;314;"K"
1;929;1937;166;"K"
1;930;1934;2;"M"
14;931;1944;444;"K"
12;932;1942;1;"M"
1;933;1941;8;"M"
10;934;1942;1;"M"
6;935;1940;147;"K"
13;936;1943;8;"M"
3;937;1938;456;"K"
9;938;1941;7;"M"
22;939;1955;8;"M"
10;940;1939;6;"M"
1;941;1934;161;"K"
6;942;1940;2;"M"
1;943;1937;399;"K"
16;944;1942;5;"M"
18;945;1944;4;"M"
3;946;1938;3;"M"
15;947;1941;2;"M"
7;948;1940;1;"M"
26;949;1945;495;"K"
21;950;1943;338;"K"
9;951;1944;2;"M"
18;952;1944;61;"K"
17;953;1945;7;"M"
20;954;1943;441;"K"
10;955;1942;334;"K"
9;956;1945;147;"K"
9;957;1944;429;"K"
17;958;1947;7;"M"
26;959;1945;348;"K"
20;960;1942;2;"M"
11;961;1939;214;"K"
25;962;1945;200;"K"
10;963;1940;7;"M"
6;964;1940;4;"M"
1;965;1939;5;"M"
9;966;1944;8;"M"
19;967;1942;8;"M"
22;968;1949;6;"M"
10;969;1943;1;"M"
1;970;1938;7;"M"
16;971;1943;1;"M"
13;972;1941;480;"K"
11;973;1939;5;"M"
8;974;1943;3;"M"
7;975;1943;8;"M"
1;976;1934;5;"M"
1;977;1932;162;"K"
19;978;1944;1;"M"
14;979;1942;94;"K"
19;980;1942;3;"M"
1;981;1935;182;"K"
17;982;1947;8;"M"
1;983;1936;144;"K"
11;984;1941;404;"K"
24;985;1952;4;"M"
12;986;1943;6;"M"
6;987;1941;284;"K"
21;988;1943;473;"K"
5;989;1937;8;"M"
12;990;1943;449;"K"
16;991;1943;3;"M"
25;992;1945;27;"K"
11;993;1942;164;"K"
13;994;1941;64;"K"
15;995;1941;6;"M"
10;996;1939;6;"M"
18;997;1943;3;"M"
13;998;1942;325;"K"
4;999;1935;8;"M"
6;1000;1940;369;"K"
5;1001;1940;479;"K"
23;1002;1944;1;"M"
5;1003;1937;152;"K"
3;1004;1935;55;"K"
22;1005;1944;58;"K"
10;1006;1941;5;"M"
16;1007;1943;7;"M"
6;1008;1940;4;"M"
22;1009;1949;9;"K"
10;1010;1943;443;"K"
24;1011;1944;367;"K"
5;1012;1938;27;"K"
7;1013;1943;5;"M"
8;1014;1938;6;"M"
9;1015;1940;158;"K"
7;1016;1941;361;"K"
8;1017;1938;3;"M"
20;1018;1944;3;"M"
6;1019;1940;401;"K"
16;1020;1942;3;"M"
7;1021;1940;224;"K"
19;1022;1942;1;"M"
16;1023;1943;336;"K"
4;1024;1941;5;"M"
19;1025;1944;346;"K"
24;1026;1960;55;"K"
6;1027;1939;6;"M"
24;1028;1945;484;"K"
15;1029;1942;451;"K"
5;1030;1937;7;"M"
2;1031;1935;8;"M"
22;1032;1951;8;"M"
6;1033;1940;278;"K"
18;1034;1944;8;"M"
19;1035;1943;102;"K"
8;1036;1941;126;"K"
25;1037;1944;348;"K"
14;1038;1942;5;"M"
15;1039;1941;2;"M"
15;1040;1942;1;"M"
2;1041;1943;151;"K"
10;1042;1940;339;"K"
2;1043;1939;468;"K"
7;1044;1943;62;"K"
12;1045;1943;5;"M"
9;1046;1944;7;"K"
16;1047;1943;468;"K"
19;1048;1945;466;"K"
12;1049;1940;14;"K"
8;1050;1940;56;"K"
7;1051;1941;3;"M"
4;1052;1935;233;"K"
3;1053;1936;6;"M"
11;1054;1941;5;"M"
13;1055;1944;244;"K"
17;1056;1952;6;"M"
9;1057;1942;201;"K"
1;1058;1939;116;"K"
3;1059;1938;371;"K"
18;1060;1944;359;"K"
16;1061;1942;8;"M"
9;1062;1942;10;"K"
24;1063;1955;6;"M"
15;1064;1942;165;"K"
16;1065;1942;7;"M"
23;1066;1945;6;"M"
24;1067;1945;8;"M"
5;1068;1937;8;"M"
9;1069;1941;108;"K"
5;1070;1937;8;"M"
1;1071;1941;6;"M"
15;1072;1941;2;"M"
24;1073;1948;7;"M"
20;1074;1945;5;"M"
5;1075;1939;163;"K"
11;1076;1941;181;"K"
26;1077;1945;273;"K"
2;1078;1936;7;"M"
6;1079;1942;137;"K"
22;1080;1948;316;"K"
25;1081;1944;20;"K"
22;1082;1948;7;"M"
18;1083;1943;88;"K"
26;1084;1944;252;"K"
16;1085;1942;7;"M"
12;1086;1943;3;"M"
18;1087;1944;1;"M"
20;1088;1943;143;"K"
26;1089;1945;1;"M"
11;1090;1944;7;"M"
22;1091;1945;8;"M"
20;1092;1945;375;"K"
1;1093;1940;1;"M"
17;1094;1955;8;"M"
7;1095;1943;2;"M"
14;1096;1942;4;"M"
13;1097;1944;1;"M"
14;1098;1944;1;"M"
18;1099;1944;5;"M"
8;1100;1939;289;"K"
24;1101;1948;2;"M"
24;1102;1959;292;"K"
13;1103;1942;4;"M"
17;1104;1947;474;"K"
25;1105;1944;7;"M"
20;1106;1943;164;"K"
7;1107;1942;297;"K"
12;1108;1940;368;"K"
15;1109;1942;7;"M"
10;1110;1943;417;"K"
25;1111;1945;6;"M"
12;1112;1943;259;"K"
13;1113;1943;6;"M"
3;1114;1937;4;"M"
21;1115;1943;179;"K"
23;1116;1942;418;"K"
16;1117;1943;92;"K"
21;1118;1943;147;"K"
13;1119;1944;1;"M"
1;1120;1937;202;"K"
1;1121;1935;2;"M"
11;1122;1945;6;"M"
21;1123;1943;179;"K"
5;1124;1939;49;"K"
13;1125;1944;4;"M"
14;1126;1944;5;"K"
20;1127;1944;195;"K"
2;1128;1940;401;"K"
8;1129;1938;124;"K"
19;1130;1944;460;"K"
26;1131;1944;7;"M"
5;1132;1939;8;"M"
5;1133;1938;5;"M"
25;1134;1945;119;"K"
12;1135;1941;3;"M"
14;1136;1944;492;"K"
11;1137;1945;2;"M"
26;1138;1944;2;"M"
9;1139;1943;162;"K"
16;1140;1942;7;"M"
10;1141;1942;4;"M"
7;1142;1942;8;"M"
20;1143;1942;218;"K"
20;1144;1943;2;"M"
21;1145;1943;215;"K"
18;1146;1943;320;"K"
8;1147;1939;434;"K"
17;1148;1941;460;"K"
8;1149;1940;6;"M"
21;1150;1943;7;"M"
22;1151;1944;1;"M"
18;1152;1942;8;"M"
23;1153;1943;2;"M"
7;1154;1941;482;"K"
20;1155;1945;409;"K"
18;1156;1943;7;"M"
9;1157;1945;4;"M"
4;1158;1941;168;"K"
21;1159;1943;1;"M"
23;1160;1942;3;"M"
19;1161;1943;5;"K"
9;1162;1942;44;"K"
5;1163;1939;5;"M"
21;1164;1943;383;"K"
17;1165;1951;3;"M"
5;1166;1938;51;"K"
17;1167;1953;4;"M"
4;1168;1943;447;"K"
5;1169;1939;7;"M"
5;1170;1937;30;"K"
17;1171;1951;5;"M"
15;1172;1942;318;"K"
22;1173;1956;4;"M"
8;1174;1943;207;"K"
11;1175;1943;1;"M"
8;1176;1938;2;"M"
6;1177;1941;5;"M"
3;1178;1939;90;"K"
17;1179;1947;4;"M"
25;1180;1944;24;"K"
1;1181;1934;4;"M"
5;1182;1937;260;"K"
11;1183;1940;2;"M"
11;1184;1945;8;"M"
4;1185;1941;25;"K"
10;1186;1940;2;"M"
12;1187;1942;4;"M"
1;1188;1941;8;"M"
17;1189;1942;3;"M"
14;1190;1944;1;"M"
21;1191;1943;1;"M"
18;1192;1943;42;"K"
11;1193;1945;3;"M"
6;1194;1941;8;"M"
11;1195;1941;5;"M"
17;1196;1953;405;"K"
24;1197;1944;4;"M"
11;1198;1942;1;"M"
8;1199;1938;246;"K"
26;1200;1945;3;"M"
1;1201;1932;205;"K"
8;1202;1942;403;"K"
14;1203;1941;7;"M"
22;1204;1949;7;"M"
9;1205;1943;45;"K"
9;1206;1941;3;"M"
21;1207;1943;3;"M"
16;1208;1942;7;"M"
4;1209;1938;3;"M"
21;1210;1943;164;"K"
25;1211;1944;4;"M"
19;1212;1943;405;"K"
1;1213;1934;8;"M"
9;1214;1945;4;"M"
15;1215;1941;312;"K"
21;1216;1943;241;"K"
18;1217;1944;223;"K"
1;1218;1933;1;"M"
15;1219;1941;216;"K"
6;1220;1941;5;"M"
12;1221;1942;4;"M"
14;1222;1941;492;"K"
20;1223;1942;371;"K"
17;1224;1950;49;"K"
22;1225;1954;2;"M"
2;1226;1942;4;"M"
13;1227;1945;58;"K"
11;1228;1942;7;"M"
26;1229;1944;3;"M"
7;1230;1941;200;"K"
14;1231;1943;6;"M"
1;1232;1932;3;"M"
20;1233;1944;5;"M"
20;1234;1945;3;"M"
19;1235;1943;330;"K"
17;1236;1949;1;"M"
17;1237;1946;8;"M"
26;1238;1944;1;"M"
19;1239;1942;4;"M"
21;1240;1943;7;"M"
23;1241;1944;2;"M"
10;1242;1939;4;"M"
16;1243;1942;59;"K"
9;1244;1940;7;"M"
26;1245;1945;242;"K"
1;1246;1940;377;"K"
20;1247;1942;5;"M"
26;1248;1945;4;"M"
18;1249;1944;8;"M"
26;1250;1944;6;"M"
16;1251;1943;238;"K"
5;1252;1937;6;"M"
19;1253;1942;5;"M"
5;1254;1940;6;"M"
19;1255;1942;6;"M"
6;1256;1940;1;"M"
11;1257;1943;336;"K"
19;1258;1945;4;"M"
19;1259;1942;139;"K"
24;1260;1957;8;"M"
22;1261;1946;450;"K"
22;1262;1952;178;"K"
2;1263;1943;410;"K"
5;1264;1938;4;"M"
23;1265;1943;156;"K"
21;1266;1943;1;"M"
9;1267;1941;5;"M"
25;1268;1944;224;"K"
8;1269;1938;5;"M"
4;1270;1939;148;"K"
13;1271;1944;2;"M"
5;1272;1937;292;"K"
4;1273;1941;2;"M"
12;1274;1940;466;"K"
1;1275;1932;1;"M"
25;1276;1944;487;"K"
6;1277;1939;8;"M"
8;1278;1938;118;"K"
13;1279;1945;3;"M"
10;1280;1939;456;"K"
5;1281;1937;1;"M"
3;1282;1935;403;"K"
5;1283;1937;6;"M"
22;1284;1954;1;"M"
14;1285;1941;198;"K"
20;1286;1944;2;"M"
6;1287;1942;7;"M"
10;1288;1942;2;"M"
26;1289;1945;8;"M"
18;1290;1943;3;"M"
10;1291;1939;1;"M"
25;1292;1945;5;"M"
12;1293;1941;3;"M"
7;1294;1944;327;"K"
3;1295;1939;8;"M"
6;1296;1940;329;"K"
9;1297;1943;345;"K"
24;1298;1953;8;"M"
3;1299;1938;2;"M"
19;1300;1944;7;"M"
7;1301;1944;300;"K"
2;1302;1937;7;"M"
16;1303;1943;6;"M"
5;1304;1939;7;"M"
14;1305;1943;3;"M"
1;1306;1932;1;"M"
17;1307;1944;207;"K"
12;1308;1940;8;"K"
12;1309;1943;6;"M"
17;1310;1958;67;"K"
1;1311;1936;2;"M"
20;1312;1945;184;"K"
23;1313;1943;5;"M"
1;1314;1932;51;"K"
7;1315;1942;3;"M"
11;1316;1944;5;"M"
6;1317;1939;7;"M"
19;1318;1944;46;"K"
1;1319;1935;303;"K"
8;1320;1937;2;"M"
6;1321;1939;86;"K"
10;1322;1941;5;"M"
16;1323;1943;5;"M"
17;1324;1951;4;"M"
10;1325;1943;7;"M"
9;1326;1940;378;"K"
22;1327;1948;363;"K"
3;1328;1939;437;"K"
3;1329;1938;6;"M"
8;1330;1937;253;"K"
24;1331;1955;233;"K"
14;1332;1944;274;"K"
16;1333;1943;356;"K"
4;1334;1940;6;"M"
9;1335;1943;7;"M"
10;1336;1942;7;"M"
21;1337;1943;6;"M"
4;1338;1936;6;"M"
15;1339;1941;319;"K"
20;1340;1943;2;"M"
1;1341;1940;3;"M"
4;1342;1938;460;"K"
3;1343;1936;274;"K"
6;1344;1942;333;"K"
14;1345;1943;1;"M"
15;1346;1942;8;"M"
14;1347;1943;271;"K"
15;1348;1942;6;"K"
8;1349;1937;5;"M"
11;1350;1938;190;"K"
10;1351;1942;224;"K"
17;1352;1954;5;"M"
14;1353;1941;336;"K"
25;1354;1945;6;"M"
8;1355;1938;1;"M"
14;1356;1944;6;"M"
26;1357;1945;4;"M"
21;1358;1943;8;"M"
14;1359;1941;8;"M"
14;1360;1943;7;"M"
6;1361;1939;70;"K"
6;1362;1942;208;"K"
21;1363;1943;2;"M"
7;1364;1940;303;"K"
7;1365;1944;2;"M"
7;1366;1943;434;"K"
5;1367;1940;28;"K"
12;1368;1943;49;"K"
10;1369;1940;338;"K"
1;1370;1934;5;"M"
9;1371;1945;413;"K"
8;1372;1940;7;"M"
23;1373;1943;138;"K"
7;1374;1940;8;"M"
14;1375;1941;141;"K"
21;1376;1943;276;"K"
23;1377;1942;425;"K"
4;1378;1938;373;"K"
4;1379;1935;7;"M"
6;1380;1939;5;"M"
14;1381;1942;6;"M"
19;1382;1942;4;"M"
6;1383;1942;108;"K"
5;1384;1940;485;"K"
13;1385;1945;8;"M"
8;1386;1937;76;"K"
16;1387;1943;7;"M"
22;1388;1950;467;"K"
11;1389;1943;5;"M"
8;1390;1940;3;"M"
13;1391;1944;450;"K"
20;1392;1944;7;"M"
13;1393;1945;428;"K"
22;1394;1948;3;"M"
8;1395;1941;1;"M"
4;1396;1941;301;"K"
24;1397;1950;2;"M"
25;1398;1945;4;"M"
11;1399;1938;4;"M"
8;1400;1941;7;"M"
20;1401;1943;441;"K"
3;1402;1934;187;"K"
12;1403;1943;207;"K"
26;1404;1945;214;"K"
9;1405;1941;133;"K"
24;1406;1957;8;"M"
21;1407;1943;8;"M"
7;1408;1941;113;"K"
10;1409;1943;5;"M"
26;1410;1945;1;"M"
2;1411;1936;1;"M"
1;1412;1933;5;"M"
26;1413;1944;235;"K"
9;1414;1945;480;"K"
23;1415;1945;320;"K"
21;1416;1943;7;"M"
9;1417;1942;1;"M"
10;1418;1943;323;"K"
26;1419;1945;277;"K"
21;1420;1943;56;"K"
19;1421;1944;249;"K"
12;1422;1940;7;"M"
8;1423;1940;409;"K"
15;1424;1941;2;"M"
3;1425;1936;242;"K"
6;1426;1940;75;"K"
6;1427;1939;1;"M"
8;1428;1938;2;"M"
11;1429;1939;246;"K"
11;1430;1944;220;"K"
24;1431;1953;5;"M"
4;1432;1940;7;"M"
5;1433;1939;2;"M"
12;1434;1941;5;"M"
9;1435;1941;233;"K"
17;1436;1949;2;"M"
7;1437;1944;98;"K"
11;1438;1944;464;"K"
13;1439;1941;216;"K"
18;1440;1944;459;"K"
16;1441;1943;7;"M"
19;1442;1943;226;"K"
18;1443;1943;226;"K"
1;1444;1941;5;"M"
14;1445;1944;270;"K"
10;1446;1941;116;"K"
4;1447;1943;108;"K"
24;1448;1945;217;"K"
14;1449;1943;7;"M"
4;1450;1942;6;"M"
21;1451;1943;6;"M"
23;1452;1944;6;"M"
18;1453;1942;6;"M"
12;1454;1943;7;"M"
19;1455;1944;3;"M"
14;1456;1944;155;"K"
2;1457;1941;450;"K"
12;1458;1941;319;"K"
1;1459;1934;2;"M"
23;1460;1944;83;"K"
21;1461;1943;1;"M"
18;1462;1944;494;"K"
14;1463;1943;64;"K"
22;1464;1956;2;"M"
1;1465;1941;1;"M"
1;1466;1934;74;"K"
22;1467;1948;1;"M"
8;1468;1943;333;"K"
7;1469;1942;121;"K"
12;1470;1940;271;"K"
9;1471;1944;344;"K"
24;1472;1945;5;"M"
4;1473;1943;1;"M"
26;1474;1944;5;"M"
7;1475;1944;471;"K"
22;1476;1948;414;"K"
1;1477;1933;8;"M"
25;1478;1944;473;"K"
24;1479;1945;460;"K"
16;1480;1942;33;"K"
7;1481;1940;103;"K"
7;1482;1943;6;"M"
15;1483;1942;138;"K"
24;1484;1949;445;"K"
4;1485;1935;1;"M"
7;1486;1943;312;"K"
10;1487;1940;6;"M"
6;1488;1942;460;"K"
19;1489;1944;7;"M"
9;1490;1940;6;"M"
14;1491;1942;4;"M"
13;1492;1942;4;"M"
17;1493;1946;5;"M"
5;1494;1937;320;"K"
16;1495;1942;6;"M"
15;1496;1942;6;"M"
13;1497;1941;1;"M"
26;1498;1945;363;"K"
18;1499;1942;6;"M"
16;1500;1942;4;"M"
3;1501;1936;500;"K"
17;1502;1949;159;"K"
4;1503;1937;173;"K"
23;1504;1944;217;"K"
3;1505;1938;404;"K"
2;1506;1939;416;"K"
18;1507;1942;27;"K"
13;1508;1943;474;"K"
9;1509;1940;7;"M"
2;1510;1942;4;"M"
26;1511;1945;356;"K"
9;1512;1941;4;"M"
1;1513;1936;17;"K"
10;1514;1939;4;"M"
18;1515;1942;2;"M"
20;1516;1945;4;"M"
14;1517;1944;326;"K"
24;1518;1957;4;"M"
6;1519;1942;150;"K"
15;1520;1941;7;"M"
10;1521;1939;183;"K"
15;1522;1941;1;"M"
15;1523;1942;7;"M"
1;1524;1937;375;"K"
6;1525;1942;329;"K"
23;1526;1943;7;"M"
5;1527;1940;5;"M"
4;1528;1936;3;"M"
2;1529;1937;475;"K"
10;1530;1943;1;"M"
13;1531;1944;474;"K"
21;1532;1943;219;"K"
24;1533;1948;116;"K"
20;1534;1945;424;"K"
18;1535;1943;198;"K"
6;1536;1940;365;"K"
4;1537;1940;228;"K"
11;1538;1939;1;"M"
20;1539;1943;4;"M"
21;1540;1943;117;"K"
22;1541;1951;3;"M"
19;1542;1945;64;"K"
10;1543;1941;233;"K"
12;1544;1943;4;"M"
22;1545;1952;477;"K"
7;1546;1943;132;"K"
2;1547;1935;296;"K"
21;1548;1943;1;"M"
16;1549;1942;5;"M"
18;1550;1942;6;"M"
21;1551;1943;6;"M"
17;1552;1953;3;"M"
23;1553;1943;1;"M"
5;1554;1940;297;"K"
7;1555;1941;313;"K"
13;1556;1945;38;"K"
13;1557;1945;7;"M"
5;1558;1937;497;"K"
15;1559;1942;32;"K"
24;1560;1959;164;"K"
18;1561;1942;409;"K"
17;1562;1947;73;"K"
24;1563;1951;386;"K"
17;1564;1955;445;"K"
23;1565;1945;6;"M"
6;1566;1941;467;"K"
6;1567;1941;7;"M"
13;1568;1941;404;"K"
5;1569;1940;1;"M"
6;1570;1941;3;"M"
19;1571;1943;121;"K"
5;1572;1939;3;"M"
5;1573;1937;5;"M"
8;1574;1943;5;"M"
20;1575;1943;3;"M"
5;1576;1939;159;"K"
11;1577;1938;6;"M"
8;1578;1941;47;"K"
15;1579;1942;205;"K"
5;1580;1938;326;"K"
1;1581;1936;3;"M"
13;1582;1942;456;"K"
17;1583;1953;174;"K"
25;1584;1945;245;"K"
5;1585;1938;3;"M"
16;1586;1942;420;"K"
22;1587;1957;151;"K"
19;1588;1945;184;"K"
24;1589;1954;8;"M"
20;1590;1944;206;"K"
18;1591;1942;330;"K"
7;1592;1942;36;"K"
9;1593;1944;2;"M"
1;1594;1940;188;"K"
8;1595;1943;34;"K"
4;1596;1935;2;"M"
8;1597;1937;382;"K"
26;1598;1944;413;"K"
10;1599;1941;4;"M"
11;1600;1938;97;"K"
8;1601;1939;209;"K"
3;1602;1936;7;"M"
11;1603;1945;255;"K"
3;1604;1936;11;"K"
8;1605;1941;147;"K"
11;1606;1940;2;"M"
18;1607;1942;368;"K"
11;1608;1938;250;"K"
19;1609;1945;2;"M"
10;1610;1943;59;"K"
16;1611;1943;5;"M"
6;1612;1940;2;"M"
6;1613;1940;7;"M"
5;1614;1939;470;"K"
23;1615;1944;494;"K"
25;1616;1944;231;"K"
16;1617;1942;32;"K"
8;1618;1942;8;"M"
1;1619;1937;350;"K"
7;1620;1942;8;"M"
10;1621;1942;257;"K"
18;1622;1943;469;"K"
11;1623;1942;140;"K"
13;1624;1944;73;"K"
22;1625;1944;410;"K"
25;1626;1945;16;"K"
20;1627;1945;3;"M"
5;1628;1938;2;"M"
2;1629;1938;434;"K"
7;1630;1941;229;"K"
18;1631;1944;374;"K"
18;1632;1943;1;"M"
23;1633;1942;8;"M"
9;1634;1943;23;"K"
8;1635;1943;64;"K"
8;1636;1942;172;"K"
25;1637;1944;81;"K"
7;1638;1940;2;"M"
18;1639;1943;8;"M"
12;1640;1940;250;"K"
10;1641;1942;7;"M"
1;1642;1937;7;"M"
9;1643;1944;90;"K"
25;1644;1944;4;"M"
16;1645;1942;96;"K"
25;1646;1945;1;"M"
18;1647;1942;6;"M"
26;1648;1945;20;"K"
15;1649;1942;3;"M"
13;1650;1945;5;"M"
16;1651;1943;247;"K"
8;1652;1940;400;"K"
2;1653;1941;9;"K"
8;1654;1939;31;"K"
20;1655;1943;301;"K"
24;1656;1953;5;"M"
17;1657;1946;8;"K"
24;1658;1945;488;"K"
18;1659;1942;416;"K"
15;1660;1941;317;"K"
11;1661;1943;269;"K"
9;1662;1942;298;"K"
19;1663;1945;311;"K"
21;1664;1943;346;"K"
19;1665;1942;6;"M"
25;1666;1945;477;"K"
15;1667;1942;326;"K"
14;1668;1941;6;"M"
10;1669;1943;1;"M"
23;1670;1942;8;"M"
20;1671;1942;370;"K"
9;1672;1943;4;"M"
18;1673;1942;3;"M"
25;1674;1945;318;"K"
9;1675;1941;1;"M"
4;1676;1943;4;"M"
14;1677;1944;7;"M"
14;1678;1942;82;"K"
1;1679;1936;425;"K"
7;1680;1940;1;"M"
19;1681;1944;448;"K"
8;1682;1937;128;"K"
22;1683;1953;4;"M"
14;1684;1943;2;"M"
2;1685;1937;8;"M"
24;1686;1955;5;"M"
24;1687;1947;4;"M"
2;1688;1941;1;"M"
21;1689;1943;1;"M"
21;1690;1943;6;"M"
25;1691;1944;19;"K"
19;1692;1944;6;"M"
21;1693;1943;1;"M"
3;1694;1934;179;"K"
23;1695;1945;39;"K"
14;1696;1942;421;"K"
21;1697;1943;7;"M"
19;1698;1942;5;"M"
20;1699;1944;55;"K"
12;1700;1940;446;"K"
9;1701;1940;4;"M"
5;1702;1938;51;"K"
25;1703;1945;4;"M"
20;1704;1944;24;"K"
23;1705;1945;52;"K"
23;1706;1942;303;"K"
23;1707;1945;6;"M"
23;1708;1944;260;"K"
11;1709;1939;135;"K"
10;1710;1939;181;"K"
4;1711;1937;381;"K"
20;1712;1942;1;"M"
24;1713;1959;235;"K"
23;1714;1944;358;"K"
22;1715;1957;3;"M"
2;1716;1943;5;"M"
12;1717;1941;263;"K"
9;1718;1940;4;"M"
23;1719;1945;3;"M"
14;1720;1941;71;"K"
23;1721;1945;377;"K"
1;1722;1936;2;"M"
19;1723;1943;7;"M"
9;1724;1945;248;"K"
8;1725;1942;7;"M"
18;1726;1944;363;"K"
9;1727;1944;6;"M"
23;1728;1943;5;"M"
15;1729;1942;4;"M"
2;1730;1936;176;"K"
9;1731;1943;366;"K"
26;1732;1944;3;"M"
17;1733;1947;42;"K"
4;1734;1937;8;"M"
24;1735;1957;291;"K"
5;1736;1940;16;"K"
22;1737;1948;375;"K"
13;1738;1945;6;"M"
17;1739;1949;36;"K"
18;1740;1943;485;"K"
11;1741;1939;3;"M"
7;1742;1942;31;"K"
15;1743;1941;419;"K"
19;1744;1942;147;"K"
2;1745;1942;6;"M"
21;1746;1943;1;"M"
15;1747;1942;8;"M"
17;1748;1949;114;"K"
20;1749;1943;2;"M"
20;1750;1942;3;"M"
17;1751;1950;287;"K"
11;1752;1939;212;"K"
9;1753;1943;253;"K"
25;1754;1945;2;"M"
1;1755;1941;327;"K"
2;1756;1942;1;"M"
25;1757;1944;197;"K"
23;1758;1945;2;"M"
21;1759;1943;8;"M"
11;1760;1940;91;"K"
13;1761;1941;3;"M"
1;1762;1936;301;"K"
26;1763;1945;491;"K"
1;1764;1941;119;"K"
18;1765;1942;161;"K"
22;1766;1949;2;"M"
9;1767;1943;471;"K"
10;1768;1940;439;"K"
20;1769;1945;1;"M"
22;1770;1946;328;"K"
8;1771;1940;6;"M"
6;1772;1939;321;"K"
18;1773;1943;393;"K"
11;1774;1944;317;"K"
21;1775;1943;8;"M"
18;1776;1942;203;"K"
16;1777;1942;444;"K"
16;1778;1942;320;"K"
24;1779;1956;2;"M"
25;1780;1944;202;"K"
4;1781;1935;8;"M"
13;1782;1943;1;"M"
4;1783;1938;6;"M"
11;1784;1945;224;"K"
21;1785;1943;491;"K"
16;1786;1942;374;"K"
5;1787;1937;240;"K"
8;1788;1942;225;"K"
1;1789;1937;4;"M"
15;1790;1941;446;"K"
21;1791;1943;6;"M"
4;1792;1935;2;"M"
15;1793;1942;1;"M"
7;1794;1940;184;"K"
24;1795;1958;249;"K"
20;1796;1945;8;"M"
10;1797;1943;6;"M"
15;1798;1942;7;"M"
24;1799;1945;8;"M"
10;1800;1942;290;"K"
15;1801;1941;369;"K"
16;1802;1943;469;"K"
18;1803;1944;227;"K"
23;1804;1943;457;"K"
15;1805;1942;226;"K"
5;1806;1939;4;"M"
9;1807;1940;125;"K"
5;1808;1938;131;"K"
10;1809;1941;134;"K"
21;1810;1943;363;"K"
4;1811;1940;4;"K"
1;1812;1940;8;"M"
7;1813;1944;186;"K"
20;1814;1942;444;"K"
16;1815;1942;148;"K"
1;1816;1939;229;"K"
15;1817;1941;62;"K"
22;1818;1951;8;"M"
17;1819;1955;475;"K"
4;1820;1935;6;"M"
23;1821;1945;223;"K"
7;1822;1943;192;"K"
15;1823;1941;190;"K"
23;1824;1942;2;"M"
23;1825;1943;43;"K"
9;1826;1941;158;"K"
12;1827;1942;2;"M"
4;1828;1939;1;"M"
19;1829;1942;5;"M"
8;1830;1940;178;"K"
15;1831;1941;8;"M"
7;1832;1940;383;"K"
20;1833;1942;111;"K"
25;1834;1944;195;"K"
1;1835;1936;68;"K"
26;1836;1944;462;"K"
21;1837;1943;7;"M"
26;1838;1944;136;"K"
3;1839;1938;7;"M"
18;1840;1942;154;"K"
10;1841;1943;8;"M"
15;1842;1942;356;"K"
19;1843;1944;236;"K"
7;1844;1942;232;"K"
14;1845;1941;6;"M"
17;1846;1951;1;"K"
1;1847;1939;206;"K"
23;1848;1942;6;"M"
21;1849;1943;6;"M"
23;1850;1943;7;"M"
4;1851;1943;8;"M"
13;1852;1944;4;"M"
17;1853;1957;375;"K"
17;1854;1955;3;"M"
23;1855;1942;235;"K"
21;1856;1943;3;"M"
17;1857;1943;41;"K"
26;1858;1944;8;"M"
5;1859;1938;14;"K"
9;1860;1943;5;"M"
6;1861;1942;4;"M"
2;1862;1935;4;"M"
12;1863;1942;92;"K"
12;1864;1942;108;"K"
6;1865;1939;240;"K"
21;1866;1943;216;"K"
22;1867;1954;4;"M"
4;1868;1943;430;"K"
19;1869;1942;382;"K"
23;1870;1942;229;"K"
25;1871;1945;8;"M"
10;1872;1940;84;"K"
12;1873;1942;5;"M"
26;1874;1944;6;"M"
8;1875;1938;8;"M"
3;1876;1938;34;"K"
21;1877;1943;205;"K"
4;1878;1940;336;"K"
9;1879;1941;2;"M"
9;1880;1944;92;"K"
25;1881;1945;497;"K"
12;1882;1941;5;"M"
21;1883;1943;7;"M"
9;1884;1943;3;"M"
1;1885;1933;389;"K"
21;1886;1943;3;"M"
12;1887;1941;237;"K"
3;1888;1937;385;"K"
3;1889;1936;2;"M"
3;1890;1939;6;"M"
7;1891;1944;240;"K"
11;1892;1942;5;"M"
13;1893;1944;1;"M"
18;1894;1942;440;"K"
3;1895;1935;231;"K"
8;1896;1942;160;"K"
8;1897;1937;3;"M"
18;1898;1942;296;"K"
24;1899;1956;294;"K"
4;1900;1941;212;"K"
5;1901;1939;5;"M"
9;1902;1942;134;"K"
10;1903;1943;6;"M"
15;1904;1941;368;"K"
8;1905;1941;2;"M"
23;1906;1944;3;"M"
7;1907;1943;297;"K"
3;1908;1938;3;"M"
25;1909;1944;140;"K"
21;1910;1943;69;"K"
8;1911;1939;130;"K"
12;1912;1941;472;"K"
15;1913;1942;356;"K"
21;1914;1943;496;"K"
14;1915;1943;1;"M"
9;1916;1945;6;"M"
20;1917;1942;377;"K"
9;1918;1942;7;"M"
5;1919;1939;267;"K"
18;1920;1944;2;"M"
2;1921;1938;303;"K"
10;1922;1942;1;"M"
13;1923;1941;5;"M"
15;1924;1942;284;"K"
2;1925;1937;485;"K"
5;1926;1940;2;"M"
7;1927;1940;161;"K"
3;1928;1937;6;"M"
12;1929;1941;3;"M"
11;1930;1939;112;"K"
1;1931;1940;8;"M"
11;1932;1944;139;"K"
6;1933;1940;485;"K"
5;1934;1938;102;"K"
18;1935;1942;301;"K"
22;1936;1947;2;"M"
10;1937;1940;475;"K"
3;1938;1934;8;"M"
9;1939;1945;247;"K"
25;1940;1944;7;"M"
4;1941;1940;6;"M"
9;1942;1942;457;"K"
14;1943;1944;238;"K"
11;1944;1941;4;"M"
26;1945;1945;89;"K"
16;1946;1942;2;"M"
4;1947;1941;8;"M"
7;1948;1940;4;"M"
23;1949;1943;6;"M"
25;1950;1945;269;"K"
22;1951;1952;4;"M"
17;1952;1954;1;"M"
5;1953;1937;5;"M"
11;1954;1945;228;"K"
8;1955;1938;471;"K"
26;1956;1945;160;"K"
4;1957;1935;111;"K"
1;1958;1937;140;"K"
3;1959;1934;81;"K"
16;1960;1942;403;"K"
20;1961;1942;1;"M"
15;1962;1942;475;"K"
24;1963;1945;3;"M"
12;1964;1940;1;"M"
12;1965;1943;420;"K"
8;1966;1943;1;"M"
25;1967;1944;365;"K"
8;1968;1943;7;"M"
6;1969;1942;297;"K"
4;1970;1942;5;"M"
3;1971;1939;390;"K"
8;1972;1939;8;"M"
22;1973;1951;423;"K"
8;1974;1942;31;"K"
24;1975;1949;433;"K"
18;1976;1943;34;"K"
3;1977;1938;352;"K"
24;1978;1952;7;"M"
3;1979;1937;2;"M"
10;1980;1939;6;"M"
18;1981;1944;2;"M"
25;1982;1945;1;"M"
15;1983;1942;366;"K"
24;1984;1943;5;"M"
2;1985;1939;218;"K"
18;1986;1942;107;"K"
3;1987;1934;464;"K"
14;1988;1942;7;"M"
10;1989;1939;2;"M"
1;1990;1939;4;"M"
18;1991;1942;5;"M"
20;1992;1944;208;"K"
9;1993;1944;497;"K"
8;1994;1940;5;"M"
11;1995;1943;6;"M"
5;1996;1938;2;"M"
3;1997;1939;392;"K"
2;1998;1938;7;"M"
20;1999;1945;31;"K"
23;2000;1943;4;"M"
